competition,country,gender,link,mark,name,position,sport
Boston Marathon - 15 APR 2019,USA,F,,2:40:15,Mia BEHM,1,Marathon
Boston Marathon - 15 APR 2019,USA,F,,2:44:35,Meghan ROTH,2,Marathon
Boston Marathon - 15 APR 2019,CAN,F,,2:45:09,Anne JOHNSTON,3,Marathon
Boston Marathon - 15 APR 2019,USA,F,,2:45:41,Elizabeth WASSERMAN,4,Marathon
Boston Marathon - 15 APR 2019,USA,F,,2:46:01,Keri MCENTEE,5,Marathon
Boston Marathon - 15 APR 2019,USA,F,,2:46:08,Meghan CURRAN,6,Marathon
Boston Marathon - 15 APR 2019,USA,F,,2:46:46,Erica MARRARI,7,Marathon
Boston Marathon - 15 APR 2019,USA,F,,2:47:26,Meg BROCKETT,8,Marathon
Boston Marathon - 15 APR 2019,USA,F,,2:47:47,Alison SUKOLSKY,9,Marathon
Boston Marathon - 15 APR 2019,USA,F,,2:49:03,Meriah EARLE,10,Marathon
Boston Marathon - 15 APR 2019,USA,F,,2:49:29,Lindsay CARRICK,11,Marathon
Boston Marathon - 15 APR 2019,USA,F,,2:50:02,Caitlin FAHEY,12,Marathon
Boston Marathon - 15 APR 2019,GBR,F,,2:50:28,Fiona BRIAN,13,Marathon
Boston Marathon - 15 APR 2019,USA,F,,2:50:36,Sarah HALLAS,14,Marathon
Boston Marathon - 15 APR 2019,GBR,F,,2:50:52,Rebecca GENTRY,15,Marathon
Boston Marathon - 15 APR 2019,USA,F,,2:51:04,Emily WALIGURSKI,16,Marathon
Boston Marathon - 15 APR 2019,USA,F,,2:51:22,Haley JOHNSON,17,Marathon
Boston Marathon - 15 APR 2019,USA,F,,2:51:32,Megan JASWELL,18,Marathon
Boston Marathon - 15 APR 2019,USA,F,,2:51:37,Chandler CARREON,19,Marathon
Boston Marathon - 15 APR 2019,CAN,F,,2:51:46,Ailsa MACDONALD,20,Marathon
Boston Marathon - 15 APR 2019,USA,F,,2:52:05,Jamie HERSHFANG,21,Marathon
Boston Marathon - 15 APR 2019,USA,F,,2:52:19,Gracie GRIFFITH,22,Marathon
Boston Marathon - 15 APR 2019,USA,F,,2:53:11,Beth BLENDELL,23,Marathon
Boston Marathon - 15 APR 2019,USA,F,,2:53:11,Lenth O'CONNOR,24,Marathon
Boston Marathon - 15 APR 2019,USA,F,,2:53:18,Kirsten ALLAN,25,Marathon
Boston Marathon - 15 APR 2019,USA,F,,2:53:27,Jaclyn SCHUERHOLZ,26,Marathon
Boston Marathon - 15 APR 2019,USA,F,,2:53:38,Kayla STRONG,27,Marathon
Boston Marathon - 15 APR 2019,USA,F,,2:53:47,Violetta YAZLOVSKAYA,28,Marathon
Boston Marathon - 15 APR 2019,USA,F,,2:54:11,Juliet BOTTORFF,29,Marathon
Boston Marathon - 15 APR 2019,CHI,F,,2:54:20,Catalina LANGLOIS,30,Marathon
Boston Marathon - 15 APR 2019,USA,F,,2:54:34,Maddie JENKINS,31,Marathon
Boston Marathon - 15 APR 2019,USA,F,,2:54:52,Ashley LIVINGOOD,32,Marathon
Boston Marathon - 15 APR 2019,USA,F,,2:54:56,Caitie MEYER,33,Marathon
Boston Marathon - 15 APR 2019,USA,F,,2:54:59,Julie REMBOLD,34,Marathon
Boston Marathon - 15 APR 2019,USA,F,,2:55:01,Rebekah BATTAGLIA,35,Marathon
Boston Marathon - 15 APR 2019,USA,F,,2:55:10,Michaela SPANNAUS,36,Marathon
Boston Marathon - 15 APR 2019,USA,F,,2:55:31,Amy CRAIN,37,Marathon
Boston Marathon - 15 APR 2019,USA,F,,2:55:44,Grace BOWEN,38,Marathon
Boston Marathon - 15 APR 2019,PER,F,,2:55:49,Paola Estefanía KUNG VELÁSQUEZ,39,Marathon
Boston Marathon - 15 APR 2019,SWE,F,,2:55:57,Sara TRANÉ,40,Marathon
Boston Marathon - 15 APR 2019,USA,F,,2:55:57,Rachael LENZ,41,Marathon
Boston Marathon - 15 APR 2019,USA,F,,2:56:17,Molly CULVER,42,Marathon
Boston Marathon - 15 APR 2019,CAN,F,,2:56:18,Jane WEBER,43,Marathon
Boston Marathon - 15 APR 2019,USA,F,,2:56:22,Danika SIMONSON,44,Marathon
Boston Marathon - 15 APR 2019,SVK,F,,2:56:22,Katka SMOLAROVA,45,Marathon
Boston Marathon - 15 APR 2019,USA,F,,2:56:29,Neringa KAULINAITE,46,Marathon
Boston Marathon - 15 APR 2019,COL,F,,2:56:36,Ana VILLEGAS,47,Marathon
Boston Marathon - 15 APR 2019,USA,F,,2:56:42,Locky TRACHSEL,48,Marathon
Boston Marathon - 15 APR 2019,USA,F,,2:56:50,Megan LUCKNER,49,Marathon
Boston Marathon - 15 APR 2019,GBR,F,,2:56:53,Sara WILLHOIT,50,Marathon
Boston Marathon - 15 APR 2019,USA,F,,2:57:06,Tania CANTERBURY,51,Marathon
Boston Marathon - 15 APR 2019,USA,F,,2:57:19,Jessica QUINN,52,Marathon
Boston Marathon - 15 APR 2019,USA,F,,2:57:30,Abigail CLIFFORD,53,Marathon
Boston Marathon - 15 APR 2019,USA,F,,2:57:35,Emmi AGUILLARD,54,Marathon
Boston Marathon - 15 APR 2019,USA,F,,2:57:43,Alice GRANT,55,Marathon
Boston Marathon - 15 APR 2019,MEX,F,,2:57:45,Tania ESTRADA,56,Marathon
Boston Marathon - 15 APR 2019,USA,F,,2:57:47,Julie DONAGAN,57,Marathon
Boston Marathon - 15 APR 2019,USA,F,,2:57:52,Emma ASTRIKE-DAVIS,58,Marathon
Boston Marathon - 15 APR 2019,USA,F,,2:57:55,Emily FAYETTE,59,Marathon
Boston Marathon - 15 APR 2019,USA,F,,2:57:56,Julie WOODRUFF,60,Marathon
Boston Marathon - 15 APR 2019,USA,F,,2:58:02,Cristina LOWRY,61,Marathon
Boston Marathon - 15 APR 2019,USA,F,,2:58:07,Annie MONJAR,62,Marathon
Boston Marathon - 15 APR 2019,USA,F,,2:58:18,Shari EBERHARD,63,Marathon
Boston Marathon - 15 APR 2019,USA,F,,2:58:31,Maeve MCCARTIN,64,Marathon
Boston Marathon - 15 APR 2019,USA,F,,2:58:34,Marnie KINNAIRD,65,Marathon
Boston Marathon - 15 APR 2019,USA,F,,2:58:35,Emma GARRARD,66,Marathon
Boston Marathon - 15 APR 2019,USA,F,,2:58:36,Lindsay EYSENBACH,67,Marathon
Boston Marathon - 15 APR 2019,CAN,F,,2:58:43,Karen THIBODEAU,68,Marathon
Boston Marathon - 15 APR 2019,USA,F,,2:58:47,Jennifer DUNN,69,Marathon
Boston Marathon - 15 APR 2019,USA,F,,2:58:49,Kate HAILS,70,Marathon
Boston Marathon - 15 APR 2019,USA,F,,2:58:51,Kristen DIXON,71,Marathon
Boston Marathon - 15 APR 2019,USA,F,,2:58:52,Georgia DOLLOFF,72,Marathon
Boston Marathon - 15 APR 2019,USA,F,,2:58:52,Christine RABADAN,73,Marathon
Boston Marathon - 15 APR 2019,USA,F,,2:59:05,Caroline MCBRIDE,74,Marathon
Boston Marathon - 15 APR 2019,GBR,F,,2:59:05,Joanne MCCANDLESS,75,Marathon
Boston Marathon - 15 APR 2019,GBR,F,,2:59:06,Christina MUIR,76,Marathon
Boston Marathon - 15 APR 2019,USA,F,,2:59:07,Suzanne LESLIE,77,Marathon
Boston Marathon - 15 APR 2019,USA,F,,2:59:07,Leia LAUTZENHEISER,78,Marathon
Boston Marathon - 15 APR 2019,USA,F,,2:59:20,Alanna BERNACCHI,79,Marathon
Boston Marathon - 15 APR 2019,CAN,F,,2:59:21,Heather O'DONNELL,80,Marathon
Boston Marathon - 15 APR 2019,USA,F,,2:59:45,Meaghan DALTON WALSH,81,Marathon
Boston Marathon - 15 APR 2019,USA,F,,2:59:46,Jennifer ABSHER,82,Marathon
Boston Marathon - 15 APR 2019,USA,F,,2:59:49,Annie MARGGRAFF,83,Marathon
Boston Marathon - 15 APR 2019,USA,F,,2:59:50,Anne Elise WESTER,84,Marathon
Boston Marathon - 15 APR 2019,USA,F,,2:59:52,Hannah ROWE,85,Marathon
Boston Marathon - 15 APR 2019,USA,F,,2:59:55,Mary JOHNSTON,86,Marathon
Boston Marathon - 15 APR 2019,USA,F,,2:59:56,Jennifer BERRY,87,Marathon
Boston Marathon - 15 APR 2019,USA,F,,2:59:57,Devyn PRYOR,88,Marathon
Boston Marathon - 15 APR 2019,USA,F,,2:59:58,Cassandra MARTIN,89,Marathon
Boston Marathon - 15 APR 2019,USA,F,,3:00:16,Elena GOMEZ,90,Marathon
Boston Marathon - 15 APR 2019,USA,F,,3:00:17,Mariah JORDAN,91,Marathon
Boston Marathon - 15 APR 2019,USA,F,,3:00:18,Katie BARRETT,92,Marathon
Boston Marathon - 15 APR 2019,USA,F,,3:00:25,Melissa PERLMAN,93,Marathon
Boston Marathon - 15 APR 2019,USA,F,,3:00:32,Grace THACKER,94,Marathon
Boston Marathon - 15 APR 2019,USA,F,,3:00:38,Marissa WARD,95,Marathon
Boston Marathon - 15 APR 2019,USA,F,,3:00:39,Kimberly ALBERT,96,Marathon
Boston Marathon - 15 APR 2019,USA,F,,3:00:40,Amy NATALINI,97,Marathon
Boston Marathon - 15 APR 2019,USA,F,,3:01:09,Jennifer PEARSON,98,Marathon
Boston Marathon - 15 APR 2019,USA,F,,3:01:10,Brenda HODGE,99,Marathon
Boston Marathon - 15 APR 2019,COL,F,,3:01:21,Paola FIERRO,100,Marathon
Boston Marathon - 15 APR 2019,USA,F,,3:01:30,Erica SHELL,101,Marathon
Boston Marathon - 15 APR 2019,USA,F,,3:01:35,Daniella ORTON,102,Marathon
Boston Marathon - 15 APR 2019,CHN,F,,3:01:36,Xiaoyan HU,103,Marathon
Boston Marathon - 15 APR 2019,USA,F,,3:01:37,Kathryn BRAKE,104,Marathon
Boston Marathon - 15 APR 2019,USA,F,,3:01:41,Jane RICARDI,105,Marathon
Boston Marathon - 15 APR 2019,CAN,F,,3:01:46,Christina NORRIS,106,Marathon
Boston Marathon - 15 APR 2019,GUA,F,,3:01:47,Silvana RASCH,107,Marathon
Boston Marathon - 15 APR 2019,CAN,F,,3:01:48,Katarina MYLVAGANAM,108,Marathon
Boston Marathon - 15 APR 2019,USA,F,,3:01:48,Anna BALOURIS,109,Marathon
Boston Marathon - 15 APR 2019,USA,F,,3:01:52,Emily ULLMANN,110,Marathon
Boston Marathon - 15 APR 2019,CAN,F,,3:01:52,Léonie BOUDREAU-LABOSSIÈRE,111,Marathon
Boston Marathon - 15 APR 2019,USA,F,,3:02:14,Laura FOX,112,Marathon
Boston Marathon - 15 APR 2019,USA,F,,3:02:15,Katie SANDERSON,113,Marathon
Boston Marathon - 15 APR 2019,USA,F,,3:02:21,Tessa STOLTENBURG,114,Marathon
Boston Marathon - 15 APR 2019,CAN,F,,3:02:29,Tannis REDDY,115,Marathon
Boston Marathon - 15 APR 2019,GBR,F,,3:02:33,Rachel WOOD,116,Marathon
Boston Marathon - 15 APR 2019,USA,F,,3:02:36,Elizabeth SWIERZBINSKI,117,Marathon
Boston Marathon - 15 APR 2019,USA,F,,3:02:40,Jennifer GORHAM,118,Marathon
Boston Marathon - 15 APR 2019,USA,F,,3:02:40,Dana BOGAN,119,Marathon
Boston Marathon - 15 APR 2019,USA,F,,3:02:41,Christine WESTCOTT,120,Marathon
Boston Marathon - 15 APR 2019,USA,F,,3:02:42,Mary OWEN,121,Marathon
Boston Marathon - 15 APR 2019,USA,F,,3:02:46,Amelia SHEA,122,Marathon
Boston Marathon - 15 APR 2019,USA,F,,3:02:47,Tara CARR,123,Marathon
Boston Marathon - 15 APR 2019,USA,F,,3:02:47,Melanie WORLEY,124,Marathon
Boston Marathon - 15 APR 2019,USA,F,,3:02:49,Jen MORTIMER,125,Marathon
Boston Marathon - 15 APR 2019,USA,F,,3:02:50,Jennifer HUWE,126,Marathon
Boston Marathon - 15 APR 2019,USA,F,,3:02:54,Katie RINDER,127,Marathon
Boston Marathon - 15 APR 2019,USA,F,,3:02:54,Katherine GOODWIN,128,Marathon
Boston Marathon - 15 APR 2019,USA,F,,3:02:57,Beth CONLON,129,Marathon
Boston Marathon - 15 APR 2019,USA,F,,3:03:00,Jamie ADKINS,130,Marathon
Boston Marathon - 15 APR 2019,USA,F,,3:03:00,Christina STRAUSS,131,Marathon
Boston Marathon - 15 APR 2019,MEX,F,,3:03:01,Maria Regina YAMIN MORALES,132,Marathon
Boston Marathon - 15 APR 2019,USA,F,,3:03:09,Shelby JACKSON,133,Marathon
Boston Marathon - 15 APR 2019,USA,F,,3:03:09,Ellen MAIL,134,Marathon
Boston Marathon - 15 APR 2019,USA,F,,3:03:16,Hannah OLSON,135,Marathon
Boston Marathon - 15 APR 2019,USA,F,,3:03:18,Marisa LIZAK,136,Marathon
Boston Marathon - 15 APR 2019,USA,F,,3:03:19,Kelsey O'CONNELL,137,Marathon
Boston Marathon - 15 APR 2019,USA,F,,3:03:21,Kendall DINWIDDIE,138,Marathon
Boston Marathon - 15 APR 2019,USA,F,,3:03:24,Heidi BOCK,139,Marathon
Boston Marathon - 15 APR 2019,CAN,F,,3:03:24,Angela SWITT,140,Marathon
Boston Marathon - 15 APR 2019,USA,F,,3:03:24,Flannery DAVIS,141,Marathon
Boston Marathon - 15 APR 2019,FRA,F,,3:03:28,Estelle VARENNE,142,Marathon
Boston Marathon - 15 APR 2019,USA,F,,3:03:29,Ashley NICHOLS,143,Marathon
Boston Marathon - 15 APR 2019,USA,F,,3:03:30,Elizabeth DEVIVO,144,Marathon
Boston Marathon - 15 APR 2019,USA,F,,3:03:34,Natalie CHIRGWIN,145,Marathon
Boston Marathon - 15 APR 2019,USA,F,,3:03:36,Eleni RUNDLE,146,Marathon
Boston Marathon - 15 APR 2019,DEN,F,,3:03:37,Lise FRIIS,147,Marathon
Boston Marathon - 15 APR 2019,USA,F,,3:03:38,Erin JAFFKE,148,Marathon
Boston Marathon - 15 APR 2019,USA,F,,3:03:41,Alexis MCKEEL,149,Marathon
Boston Marathon - 15 APR 2019,USA,F,,3:03:42,Sarah FOUNTAIN,150,Marathon
Boston Marathon - 15 APR 2019,IRL,F,,3:03:48,Tara KENNEDY,151,Marathon
Boston Marathon - 15 APR 2019,USA,F,,3:03:50,Alejandra SANTIAGO,152,Marathon
Boston Marathon - 15 APR 2019,USA,F,,3:03:52,Megan KEANE,153,Marathon
Boston Marathon - 15 APR 2019,USA,F,,3:03:53,Julie OLSEN,154,Marathon
Boston Marathon - 15 APR 2019,USA,F,,3:03:55,Frances BRILLANTE,155,Marathon
Boston Marathon - 15 APR 2019,USA,F,,3:03:58,Carrie MERRITHEW,156,Marathon
Boston Marathon - 15 APR 2019,USA,F,,3:04:15,Emily RAYMOND,157,Marathon
Boston Marathon - 15 APR 2019,USA,F,,3:04:16,Sarah RUSK,158,Marathon
Boston Marathon - 15 APR 2019,USA,F,,3:04:21,Audrey BLAZEK,159,Marathon
Boston Marathon - 15 APR 2019,ISR,F,,3:04:25,Ya'ara ZANGGI,160,Marathon
Boston Marathon - 15 APR 2019,USA,F,,3:04:31,Chunhua LIU,161,Marathon
Boston Marathon - 15 APR 2019,USA,F,,3:04:33,Jacqueline PAYLOR,162,Marathon
Boston Marathon - 15 APR 2019,USA,F,,3:04:38,Marcia ZHOU,163,Marathon
Boston Marathon - 15 APR 2019,USA,F,,3:04:39,Teresa INMAN,164,Marathon
Boston Marathon - 15 APR 2019,USA,F,,3:04:43,Melissa SHOWERS,165,Marathon
Boston Marathon - 15 APR 2019,USA,F,,3:04:44,Olivia BELTRANI,166,Marathon
Boston Marathon - 15 APR 2019,USA,F,,3:04:47,Georgeanna LE,167,Marathon
Boston Marathon - 15 APR 2019,NOR,F,,3:04:50,Karoline SKATTEBOE,168,Marathon
Boston Marathon - 15 APR 2019,USA,F,,3:04:50,Emily RYBAK,169,Marathon
Boston Marathon - 15 APR 2019,USA,F,,3:04:53,Caitlin DIFAVA,170,Marathon
Boston Marathon - 15 APR 2019,USA,F,,3:04:54,Elizabeth DOLLAS,171,Marathon
Boston Marathon - 15 APR 2019,USA,F,,3:04:57,Tiffany ENGLAND,172,Marathon
Boston Marathon - 15 APR 2019,USA,F,,3:05:02,Kristin SHAW,173,Marathon
Boston Marathon - 15 APR 2019,CAN,F,,3:05:04,Carolyn BUCHANAN,174,Marathon
Boston Marathon - 15 APR 2019,ARG,F,,3:05:04,Regina SCARPIN,175,Marathon
Boston Marathon - 15 APR 2019,USA,F,,3:05:08,Alexandra BENDER,176,Marathon
Boston Marathon - 15 APR 2019,CHN,F,,3:05:09,Bibo GAO,177,Marathon
Boston Marathon - 15 APR 2019,USA,F,,3:05:15,Sarah JACKSON,178,Marathon
Boston Marathon - 15 APR 2019,USA,F,,3:05:16,Katherine GWYN,179,Marathon
Boston Marathon - 15 APR 2019,USA,F,,3:05:18,Joan BENOIT-SAMUELSON,180,Marathon
Boston Marathon - 15 APR 2019,USA,F,,3:05:20,Jordan DANIEL,181,Marathon
Boston Marathon - 15 APR 2019,USA,F,,3:05:30,Lindsay WEIGEL,182,Marathon
Boston Marathon - 15 APR 2019,USA,F,,3:05:46,Kim WEBSTER,183,Marathon
Boston Marathon - 15 APR 2019,USA,F,,3:05:48,Kristen PRENDERGAST,184,Marathon
Boston Marathon - 15 APR 2019,CHI,F,,3:05:52,Cecilia VARELA,185,Marathon
Boston Marathon - 15 APR 2019,USA,F,,3:05:52,Michele MACIEJEWSKI,186,Marathon
Boston Marathon - 15 APR 2019,USA,F,,3:05:54,Meredith DEFRANCO,187,Marathon
Boston Marathon - 15 APR 2019,USA,F,,3:05:57,Allison STOVER,188,Marathon
Boston Marathon - 15 APR 2019,USA,F,,3:06:00,Alexander HAILEY,189,Marathon
Boston Marathon - 15 APR 2019,USA,F,,3:06:03,Erin BAKER,190,Marathon
Boston Marathon - 15 APR 2019,USA,F,,3:06:03,Wendy DE WOLF,191,Marathon
Boston Marathon - 15 APR 2019,USA,F,,3:06:06,Alix COHEN,192,Marathon
Boston Marathon - 15 APR 2019,USA,F,,3:06:06,Nancy JURGENS,193,Marathon
Boston Marathon - 15 APR 2019,NZL,F,,3:06:07,Genevieve COFFEY,194,Marathon
Boston Marathon - 15 APR 2019,USA,F,,3:06:07,Sara WILD,195,Marathon
Boston Marathon - 15 APR 2019,AUS,F,,3:06:08,Danielle SANSONETTI,196,Marathon
Boston Marathon - 15 APR 2019,USA,F,,3:06:11,Kate FARRELL,197,Marathon
Boston Marathon - 15 APR 2019,USA,F,,3:06:12,Hillary SHAW,198,Marathon
Boston Marathon - 15 APR 2019,USA,F,,3:06:20,Caitlin BRAITHWAITE,199,Marathon
Boston Marathon - 15 APR 2019,USA,F,,3:06:21,Caroline SHANNON,200,Marathon
Boston Marathon - 15 APR 2019,USA,F,,3:06:23,Kristen SERAFIN,201,Marathon
Boston Marathon - 15 APR 2019,CAN,F,,3:06:27,Samantha JURASCHKA,202,Marathon
Boston Marathon - 15 APR 2019,MEX,F,,3:06:28,Claudia Fernanda ARGUIJO AGUIRRE,203,Marathon
Boston Marathon - 15 APR 2019,USA,F,,3:06:29,Kiersten WAINEO,204,Marathon
Boston Marathon - 15 APR 2019,USA,F,,3:06:29,Rebecca DOBBIN,205,Marathon
Boston Marathon - 15 APR 2019,MEX,F,,3:06:30,Lara PALOMINO CARDOSO,206,Marathon
Boston Marathon - 15 APR 2019,USA,F,,3:06:35,Laura GALEAZZO,207,Marathon
Boston Marathon - 15 APR 2019,CHN,F,,3:06:38,Song QI,208,Marathon
Boston Marathon - 15 APR 2019,USA,F,,3:06:38,Jenna PARKER,209,Marathon
Boston Marathon - 15 APR 2019,USA,F,,3:06:44,Shannon TRANT,210,Marathon
Boston Marathon - 15 APR 2019,USA,F,,3:06:46,Katie CROSS-POWERS,211,Marathon
Boston Marathon - 15 APR 2019,USA,F,,3:06:53,Heather DEVANE,212,Marathon
Boston Marathon - 15 APR 2019,USA,F,,3:06:55,Lauren MINOR,213,Marathon
Boston Marathon - 15 APR 2019,CRC,F,,3:07:03,Daniella MORA,214,Marathon
Boston Marathon - 15 APR 2019,USA,F,,3:07:04,Mary HIGGINS,215,Marathon
Boston Marathon - 15 APR 2019,USA,F,,3:07:07,Christina PERRY,216,Marathon
Boston Marathon - 15 APR 2019,USA,F,,3:07:08,Heather SCHULZ,217,Marathon
Boston Marathon - 15 APR 2019,USA,F,,3:07:10,Lauren FEDAK,218,Marathon
Boston Marathon - 15 APR 2019,USA,F,,3:07:10,Brittany MORIARTY,219,Marathon
Boston Marathon - 15 APR 2019,USA,F,,3:07:12,Lauren TILTON,220,Marathon
Boston Marathon - 15 APR 2019,CAN,F,,3:07:14,Jenny SEO,221,Marathon
Boston Marathon - 15 APR 2019,USA,F,,3:07:15,Chandler OLSON,222,Marathon
Boston Marathon - 15 APR 2019,GER,F,,3:07:17,Lisa MEHL,223,Marathon
Boston Marathon - 15 APR 2019,USA,F,,3:07:19,Rachel RODIN,224,Marathon
Boston Marathon - 15 APR 2019,USA,F,,3:07:19,Amanda FURRER,225,Marathon
Boston Marathon - 15 APR 2019,GBR,F,,3:07:20,Vicky MCELLIGOTT,226,Marathon
Boston Marathon - 15 APR 2019,USA,F,,3:07:22,Rebekah MAYER,227,Marathon
Boston Marathon - 15 APR 2019,USA,F,,3:07:25,Emily NIST,228,Marathon
Boston Marathon - 15 APR 2019,GBR,F,,3:07:26,Rebecca HOWARTH,229,Marathon
Boston Marathon - 15 APR 2019,USA,F,,3:07:26,Grace GRAY,230,Marathon
Boston Marathon - 15 APR 2019,USA,F,,3:07:27,Laura GANN,231,Marathon
Boston Marathon - 15 APR 2019,CAN,F,,3:07:29,Annyck BESSO,232,Marathon
Boston Marathon - 15 APR 2019,USA,F,,3:07:29,Anne CUSHMAN,233,Marathon
Boston Marathon - 15 APR 2019,USA,F,,3:07:31,Justyna WILSON,234,Marathon
Boston Marathon - 15 APR 2019,BLR,F,,3:07:31,Olga BAGRYANTSEVA,235,Marathon
Boston Marathon - 15 APR 2019,JPN,F,,3:07:32,Asuka SAITO,236,Marathon
Boston Marathon - 15 APR 2019,USA,F,,3:07:33,Lindy ZENG,237,Marathon
Boston Marathon - 15 APR 2019,PER,F,,3:07:41,Claudia MARTINEZ,238,Marathon
Boston Marathon - 15 APR 2019,USA,F,,3:07:41,Kelly WEHMAN,239,Marathon
Boston Marathon - 15 APR 2019,USA,F,,3:07:50,Dana KOLESAR,240,Marathon
Boston Marathon - 15 APR 2019,USA,F,,3:07:50,Mary LAWRENCE,241,Marathon
Boston Marathon - 15 APR 2019,USA,F,,3:07:52,Amanda WATTERS,242,Marathon
Boston Marathon - 15 APR 2019,USA,F,,3:07:53,Shawnda MARTIN,243,Marathon
Boston Marathon - 15 APR 2019,USA,F,,3:07:53,Lauren LACOUTURE,244,Marathon
Boston Marathon - 15 APR 2019,USA,F,,3:07:56,Amy CORBY,245,Marathon
Boston Marathon - 15 APR 2019,CAN,F,,3:07:57,Melanie KASSEL,246,Marathon
Boston Marathon - 15 APR 2019,USA,F,,3:07:57,Jennifer OSLER,247,Marathon
Boston Marathon - 15 APR 2019,USA,F,,3:07:57,Amory SALEM,248,Marathon
Boston Marathon - 15 APR 2019,AUT,F,,3:07:58,Carola BENDL-TSCHIEDEL,249,Marathon
Boston Marathon - 15 APR 2019,USA,F,,3:07:58,Megan REBHOLZ,250,Marathon
Boston Marathon - 15 APR 2019,USA,F,,3:07:58,Michelle VACCARO,251,Marathon
Boston Marathon - 15 APR 2019,USA,F,,3:08:06,Tenley ORTIZ,252,Marathon
Boston Marathon - 15 APR 2019,USA,F,,3:08:07,Sarah JOHNSTON,253,Marathon
Boston Marathon - 15 APR 2019,USA,F,,3:08:12,Victoria BRESNAHAN,254,Marathon
Boston Marathon - 15 APR 2019,CAN,F,,3:08:13,Kasey BAYNTON,255,Marathon
Boston Marathon - 15 APR 2019,USA,F,,3:08:13,Stephanie NOLL,256,Marathon
Boston Marathon - 15 APR 2019,USA,F,,3:08:13,Rachel SOWINSKI,257,Marathon
Boston Marathon - 15 APR 2019,USA,F,,3:08:14,Amy FARRELL,258,Marathon
Boston Marathon - 15 APR 2019,USA,F,,3:08:15,Saudy TEJADA,259,Marathon
Boston Marathon - 15 APR 2019,USA,F,,3:08:16,Courtney HAWKINS,260,Marathon
Boston Marathon - 15 APR 2019,AUS,F,,3:08:18,Maya BORTHWICK,261,Marathon
Boston Marathon - 15 APR 2019,USA,F,,3:08:20,Megan GREENE,262,Marathon
Boston Marathon - 15 APR 2019,USA,F,,3:08:22,Caitlin ASHLEY,263,Marathon
Boston Marathon - 15 APR 2019,USA,F,,3:08:22,Erin LOHRENZ,264,Marathon
Boston Marathon - 15 APR 2019,CHN,F,,3:08:22,Cheng WOOD,265,Marathon
Boston Marathon - 15 APR 2019,USA,F,,3:08:24,Cristin STREETMAN,266,Marathon
Boston Marathon - 15 APR 2019,USA,F,,3:08:24,Hope CUTLER,267,Marathon
Boston Marathon - 15 APR 2019,USA,F,,3:08:29,Mallory MUELLER,268,Marathon
Boston Marathon - 15 APR 2019,USA,F,,3:08:30,Lily GENTNER,269,Marathon
Boston Marathon - 15 APR 2019,USA,F,,3:08:31,Alisha ROYAL,270,Marathon
Boston Marathon - 15 APR 2019,USA,F,,3:08:32,Emily BASTIAN,271,Marathon
Boston Marathon - 15 APR 2019,ARG,F,,3:08:34,Carolina AYASTUY,272,Marathon
Boston Marathon - 15 APR 2019,USA,F,,3:08:36,Lydia IMPERIALE,273,Marathon
Boston Marathon - 15 APR 2019,NOR,F,,3:08:38,Elisabeth RUSTAD-NILSSEN,274,Marathon
Boston Marathon - 15 APR 2019,NOR,F,,3:08:39,Kristine WALHOVD,275,Marathon
Boston Marathon - 15 APR 2019,USA,F,,3:08:40,Brooke WEINSTEIN,276,Marathon
Boston Marathon - 15 APR 2019,USA,F,,3:08:41,Cara DONOHUE,277,Marathon
Boston Marathon - 15 APR 2019,USA,F,,3:08:42,Caroline TURNER,278,Marathon
Boston Marathon - 15 APR 2019,USA,F,,3:08:42,Sydney GILSTRAP,279,Marathon
Boston Marathon - 15 APR 2019,USA,F,,3:08:44,Molly OREN,280,Marathon
Boston Marathon - 15 APR 2019,USA,F,,3:08:50,Jessica NACHMAN,281,Marathon
Boston Marathon - 15 APR 2019,USA,F,,3:08:52,Angie ROANE,282,Marathon
Boston Marathon - 15 APR 2019,JPN,F,,3:08:52,Mari KOTANI,283,Marathon
Boston Marathon - 15 APR 2019,USA,F,,3:08:54,Danielle WIDENMANN,284,Marathon
Boston Marathon - 15 APR 2019,USA,F,,3:08:54,Samantha COURT,285,Marathon
Boston Marathon - 15 APR 2019,GBR,F,,3:08:56,Rachel PARKER,286,Marathon
Boston Marathon - 15 APR 2019,USA,F,,3:08:57,Brianna HEARLE,287,Marathon
Boston Marathon - 15 APR 2019,USA,F,,3:08:57,Lauren LUDKA,288,Marathon
Boston Marathon - 15 APR 2019,USA,F,,3:09:01,Karen HOWE,289,Marathon
Boston Marathon - 15 APR 2019,USA,F,,3:09:03,Alyson URSINY,290,Marathon
Boston Marathon - 15 APR 2019,USA,F,,3:09:04,Megan HEPP,291,Marathon
Boston Marathon - 15 APR 2019,USA,F,,3:09:04,Amanda MARTIN,292,Marathon
Boston Marathon - 15 APR 2019,USA,F,,3:09:06,Jolene YOUNG,293,Marathon
Boston Marathon - 15 APR 2019,USA,F,,3:09:13,Liz ANJOS,294,Marathon
Boston Marathon - 15 APR 2019,MEX,F,,3:09:15,Almudena LOPEZ,295,Marathon
Boston Marathon - 15 APR 2019,MEX,F,,3:09:15,Adalia CANTU,296,Marathon
Boston Marathon - 15 APR 2019,USA,F,,3:09:17,Nicole MCRAE,297,Marathon
Boston Marathon - 15 APR 2019,USA,F,,3:09:19,Niccole TAMBERRINO,298,Marathon
Boston Marathon - 15 APR 2019,USA,F,,3:09:28,Anna PHILLIPS,299,Marathon
Boston Marathon - 15 APR 2019,USA,F,,3:09:29,Baylee ROBEY,300,Marathon
Boston Marathon - 15 APR 2019,USA,F,,3:09:31,Emilee PALMER,301,Marathon
Boston Marathon - 15 APR 2019,USA,F,,3:09:31,Claudia BRINKRUFF,302,Marathon
Boston Marathon - 15 APR 2019,USA,F,,3:09:32,Hayley MCMAHON,303,Marathon
Boston Marathon - 15 APR 2019,USA,F,,3:09:35,Amelia WILLIAMS,304,Marathon
Boston Marathon - 15 APR 2019,CAN,F,,3:09:35,Rebecca PATTEN,305,Marathon
Boston Marathon - 15 APR 2019,USA,F,,3:09:41,Erica BRECHER,306,Marathon
Boston Marathon - 15 APR 2019,USA,F,,3:09:43,Melissa HIGGINS,307,Marathon
Boston Marathon - 15 APR 2019,USA,F,,3:09:43,Jeannie HUH,308,Marathon
Boston Marathon - 15 APR 2019,USA,F,,3:09:44,Annmarie CHARNO,309,Marathon
Boston Marathon - 15 APR 2019,USA,F,,3:09:47,Kimberly MILLS,310,Marathon
Boston Marathon - 15 APR 2019,USA,F,,3:09:47,Dana DEINGENIS,311,Marathon
Boston Marathon - 15 APR 2019,IRL,F,,3:09:48,Vanessa FURSDEN,312,Marathon
Boston Marathon - 15 APR 2019,USA,F,,3:09:49,Magaly SOTO,313,Marathon
Boston Marathon - 15 APR 2019,USA,F,,3:09:49,Emily DAVIS,314,Marathon
Boston Marathon - 15 APR 2019,USA,F,,3:09:52,Jessica MARLIER,315,Marathon
Boston Marathon - 15 APR 2019,GER,F,,3:09:54,Natalie STEINEMANN,316,Marathon
Boston Marathon - 15 APR 2019,USA,F,,3:09:56,Abigail CEMBER,317,Marathon
Boston Marathon - 15 APR 2019,USA,F,,3:09:58,Sarah APONTE,318,Marathon
Boston Marathon - 15 APR 2019,USA,F,,3:09:59,Brittney OLJAR,319,Marathon
Boston Marathon - 15 APR 2019,USA,F,,3:09:59,Annie ONISHI,320,Marathon
Boston Marathon - 15 APR 2019,ETH,F,,2:23:31,Worknesh DEGEFA,321,Marathon
Boston Marathon - 15 APR 2019,KEN,F,,2:24:13,Edna Ngeringwony KIPLAGAT,322,Marathon
Boston Marathon - 15 APR 2019,USA,F,,2:25:20,Jordan HASAY,323,Marathon
Boston Marathon - 15 APR 2019,ETH,F,,2:25:40,Meskerem ASSEFA,324,Marathon
Boston Marathon - 15 APR 2019,USA,F,,2:27:00,Desiree LINDEN,325,Marathon
Boston Marathon - 15 APR 2019,KEN,F,,2:28:27,Caroline ROTICH,326,Marathon
Boston Marathon - 15 APR 2019,KEN,F,,2:28:33,Mary Wacera NGUGI,327,Marathon
Boston Marathon - 15 APR 2019,ETH,F,,2:29:10,Bruktayit ESHETU,328,Marathon
Boston Marathon - 15 APR 2019,USA,F,,2:30:07,Lindsay FLANAGAN,329,Marathon
Boston Marathon - 15 APR 2019,KEN,F,,2:30:32,Betsy SAINA,330,Marathon
Boston Marathon - 15 APR 2019,IRL,F,,2:30:38,Fionnuala MCCORMACK,331,Marathon
Boston Marathon - 15 APR 2019,KEN,F,,2:31:41,Sharon Jemutai CHEROP,332,Marathon
Boston Marathon - 15 APR 2019,USA,F,,2:31:56,Kate LANDAU,333,Marathon
Boston Marathon - 15 APR 2019,USA,F,,2:34:25,Bridget LYONS,334,Marathon
Boston Marathon - 15 APR 2019,USA,F,,2:35:34,Sara HALL,335,Marathon
Boston Marathon - 15 APR 2019,GBR,F,,2:35:43,Alyson DIXON,336,Marathon
Boston Marathon - 15 APR 2019,USA,F,,2:36:14,Becky WADE,337,Marathon
Boston Marathon - 15 APR 2019,USA,F,,2:36:21,Hilary DIONNE,338,Marathon
Boston Marathon - 15 APR 2019,USA,F,,2:36:42,Sarah SELLERS,339,Marathon
Boston Marathon - 15 APR 2019,KEN,F,,2:38:04,Margaret Njuguna WANGUI,340,Marathon
Boston Marathon - 15 APR 2019,USA,F,,2:38:10,Bria WETSCH,341,Marathon
Boston Marathon - 15 APR 2019,USA,F,,2:38:27,Kate PALLARDY,342,Marathon
Boston Marathon - 15 APR 2019,USA,F,,2:39:08,Sarah PEASE,343,Marathon
Boston Marathon - 15 APR 2019,USA,F,,2:40:12,Kimi REED,344,Marathon
Boston Marathon - 15 APR 2019,USA,F,,2:40:26,Dawn GRUNNAGLE,345,Marathon
Boston Marathon - 15 APR 2019,USA,F,,2:40:29,Caitlin CHRISMAN,346,Marathon
Boston Marathon - 15 APR 2019,JPN,F,,2:40:41,Nami HASHIMOTO,347,Marathon
Boston Marathon - 15 APR 2019,USA,F,,2:40:45,Dorothy MCMAHAN,348,Marathon
Boston Marathon - 15 APR 2019,USA,F,,2:41:02,Michelle LEE,349,Marathon
Boston Marathon - 15 APR 2019,USA,F,,2:41:36,Paula PRIDGEN,350,Marathon
Boston Marathon - 15 APR 2019,USA,F,,2:42:00,Megan HOGAN,351,Marathon
Boston Marathon - 15 APR 2019,JPN,F,,2:42:07,Kaoru NAGAO,352,Marathon
Boston Marathon - 15 APR 2019,USA,F,,2:42:30,Amanda NURSE,353,Marathon
Boston Marathon - 15 APR 2019,CAN,F,,2:42:34,Kate GUSTAFSON,354,Marathon
Boston Marathon - 15 APR 2019,USA,F,,2:42:41,Rachel HYLAND,355,Marathon
Boston Marathon - 15 APR 2019,USA,F,,2:43:04,Ladia ALBERTSON JUNKANS,356,Marathon
Boston Marathon - 15 APR 2019,NED,F,,2:43:05,Miranda BOONSTRA,357,Marathon
Boston Marathon - 15 APR 2019,USA,F,,2:43:17,Olivia BALLEW,358,Marathon
Boston Marathon - 15 APR 2019,USA,F,,2:43:40,Christina VERGARA-ALESHIRE,359,Marathon
Boston Marathon - 15 APR 2019,USA,F,,2:43:48,Veronica JACKSON,360,Marathon
Boston Marathon - 15 APR 2019,USA,F,,2:44:10,Rachel COOGAN,361,Marathon
Boston Marathon - 15 APR 2019,CAN,F,,2:44:12,Krista DUCHENE,362,Marathon
Boston Marathon - 15 APR 2019,USA,F,,2:44:37,Margaret DIACONT,363,Marathon
Boston Marathon - 15 APR 2019,USA,F,,2:44:45,Teal BURRELL,364,Marathon
Boston Marathon - 15 APR 2019,USA,F,,2:45:44,Madeline DUHON,365,Marathon
Boston Marathon - 15 APR 2019,USA,F,,2:45:57,Megan FOSTER,366,Marathon
Boston Marathon - 15 APR 2019,USA,F,,2:47:12,Samantha WINGERT,367,Marathon
Boston Marathon - 15 APR 2019,USA,F,,2:48:05,Sarah PORTER,368,Marathon
Boston Marathon - 15 APR 2019,CHN,F,,2:48:05,Ziyang LIU,369,Marathon
Boston Marathon - 15 APR 2019,USA,F,,2:48:26,Lacey KROUT,370,Marathon
Boston Marathon - 15 APR 2019,USA,F,,2:48:55,Jenelle DEATHERAGE,371,Marathon
Boston Marathon - 15 APR 2019,USA,F,,2:49:28,Shaluinn FULLOVE,372,Marathon
Boston Marathon - 15 APR 2019,USA,F,,2:49:29,Lauren PHILBROOK,373,Marathon
Boston Marathon - 15 APR 2019,USA,F,,2:53:49,Theresa HAILEY,374,Marathon
Boston Marathon - 15 APR 2019,JPN,F,,3:00:17,Nao ISAKA,375,Marathon
Boston Marathon - 15 APR 2019,KEN,F,,DNF,Sally KIPYEGO,376,Marathon
Boston Marathon - 15 APR 2019,ETH,F,,DNF,Mare DIBABA,377,Marathon
Boston Marathon - 15 APR 2019,USA,F,,DNF,Marci KLIMEK,378,Marathon
